year,country,iso3,pol
2011,Morocco,MAR,2
2022,Switzerland,CHE,6
2009,Germany,DEU,23
2010,Finland,FIN,7
2000,Greece,GRC,2
2007,Netherlands,NLD,4
2012,People's Republic of China,CHN,24
2002,Turkiye,TUR,1
2008,France,FRA,7
2008,United States,USA,47
2000,New Zealand,NZL,3
2004,People's Republic of China,CHN,3
2013,Canada,CAN,12
2004,Norway,NOR,8
2008,Spain,ESP,14
2009,Luxembourg,LUX,2
2010,Sweden,SWE,5
2005,Canada,CAN,2
2010,Australia,AUS,18
2009,Italy,ITA,8
2006,United States,USA,28
2012,United Arab Emirates,ARE,1
2006,United Kingdom,GBR,7
2010,Portugal,PRT,16
2012,Greece,GRC,3
2010,France,FRA,7
2009,Sweden,SWE,8
2004,Tunisia,TUN,2
2000,France,FRA,13
2002,New Zealand,NZL,4
2004,Italy,ITA,8
2007,Korea,KOR,5
2012,Australia,AUS,28
2009,Australia,AUS,25
2007,Canada,CAN,20
2010,Germany,DEU,5
2006,Hungary,HUN,6
2001,United Kingdom,GBR,13
2013,Spain,ESP,20
2007,France,FRA,7
2015,France,FRA,7
2009,New Zealand,NZL,4
2008,Germany,DEU,16
2004,Japan,JPN,4
2015,Portugal,PRT,16
2002,Italy,ITA,3
2001,Italy,ITA,7
2005,United States,USA,18
2017,Canada,CAN,24
2005,Sweden,SWE,6
2010,Tunisia,TUN,1
2002,United States,USA,15
2014,Italy,ITA,6
2009,United Arab Emirates,ARE,2
2009,Russian Federation,RUS,4
2009,United States,USA,37
2011,United States,USA,14
2012,European Union,EUR,12
2001,Canada,CAN,9
2010,People's Republic of China,CHN,12
2001,Germany,DEU,4
2012,New Zealand,NZL,4
2006,People's Republic of China,CHN,17
2007,Japan,JPN,8
2005,Turkiye,TUR,4
2016,Turkmenistan,TKM,2
2020,Turkmenistan,TKM,1
2008,Turkmenistan,TKM,1
2007,United States,USA,28
2018,Singapore,SGP,9
2010,United States,USA,20
2012,United States,USA,16
2007,Finland,FIN,4
2019,India,IND,19
2021,India,IND,21
2014,United States,USA,17
2017,United States,USA,14
2015,United States,USA,24
2021,Switzerland,CHE,14
2018,United States,USA,16
2021,France,FRA,26
2020,Canada,CAN,57
2020,Greece,GRC,7
2002,Sweden,SWE,5
2020,Portugal,PRT,8
2020,Switzerland,CHE,2
2020,Lithuania,LTU,11
2020,Luxembourg,LUX,6
2020,Italy,ITA,15
2000,Japan,JPN,4
2020,United States,USA,20
2020,Germany,DEU,22
2020,Korea,KOR,13
2001,Spain,ESP,3
2020,Netherlands,NLD,13
2018,Poland,POL,8
2020,Poland,POL,21
2020,Australia,AUS,25
2018,Switzerland,CHE,6
2021,Germany,DEU,23
2021,Denmark,DNK,23
2020,Spain,ESP,25
2021,Spain,ESP,48
2000,Hungary,HUN,7
2001,France,FRA,9
2011,Russian Federation,RUS,10
2021,United Kingdom,GBR,66
2020,United Kingdom,GBR,39
2020,Hungary,HUN,10
2021,Japan,JPN,39
2019,Germany,DEU,7
2019,People's Republic of China,CHN,14
2016,People's Republic of China,CHN,43
2020,People's Republic of China,CHN,27
2020,Mexico,MEX,13
2021,Mexico,MEX,11
2018,India,IND,13
2007,Spain,ESP,8
2020,Brazil,BRA,10
2012,Brazil,BRA,7
2021,United States,USA,89
2019,Japan,JPN,8
2021,Greece,GRC,13
2016,United States,USA,34
2019,United States,USA,19
2017,United Kingdom,GBR,17
2018,United Kingdom,GBR,5
2016,United Kingdom,GBR,8
2008,Japan,JPN,11
2007,Mexico,MEX,6
2017,People's Republic of China,CHN,17
2022,Canada,CAN,31
2018,Canada,CAN,24
2009,Canada,CAN,12
2009,Viet Nam,VNM,2
2009,European Union,EUR,12
2019,European Union,EUR,12
2013,European Union,EUR,24
2020,European Union,EUR,27
2021,European Union,EUR,60
2013,India,IND,6
2010,Brazil,BRA,5
2020,France,FRA,20
2006,Bolivarian Republic of Venezuela,VEN,1
2000,Bolivarian Republic of Venezuela,VEN,1
2003,Bolivarian Republic of Venezuela,VEN,1
2009,Brazil,BRA,8
2013,Brazil,BRA,5
2021,Argentina,ARG,7
2021,Israel,ISR,8
2021,Ukraine,UKR,5
2021,Costa Rica,CRI,3
2021,Peru,PER,4
2021,Jordan,JOR,2
2021,Malaysia,MYS,5
2021,Uruguay,URY,2
2021,United Arab Emirates,ARE,7
2021,Tunisia,TUN,3
2016,European Union,EUR,11
2021,Saudi Arabia,SAU,8
2018,European Union,EUR,6
2021,Ghana,GHA,2
2021,Pakistan,PAK,2
2021,Belarus,BLR,5
2021,Panama,PAN,5
2021,Tajikistan,TJK,2
2021,Armenia,ARM,4
2009,Barbados,BRB,1
2021,Kenya,KEN,3
2021,Nigeria,NGA,4
2021,Iceland,ISL,5
2021,Mauritius,MUS,4
2021,Zimbabwe,ZWE,2
2021,Azerbaijan,AZE,6
2021,Philippines,PHL,3
2021,Angola,AGO,2
2021,Ethiopia,ETH,2
2021,Namibia,NAM,5
2021,Jamaica,JAM,2
2021,Afghanistan,AFG,1
2021,Bahrain,BHR,2
2021,Benin,BEN,2
2021,Bangladesh,BGD,5
2021,Barbados,BRB,2
2021,Bhutan,BTN,2
2005,Algeria,DZA,2
2019,Algeria,DZA,2
2021,Plurinational State of Bolivia,BOL,3
2021,Bosnia and Herzegovina,BIH,2
2021,Botswana,BWA,3
2021,Brunei Darussalam,BRN,2
2019,Canada,CAN,17
2019,Senegal,SEN,5
2020,Senegal,SEN,2
2001,Senegal,SEN,1
2021,Marshall Islands,MHL,3
2021,Suriname,SUR,2
2017,Switzerland,CHE,5
2021,Fiji,FJI,2
2010,Korea,KOR,4
2021,Kiribati,KIR,2
2021,Malawi,MWI,2
2021,Maldives,MDV,3
2021,Mali,MLI,2
2021,Nauru,NRU,2
2021,Rwanda,RWA,4
2021,Samoa,WSM,2
2009,Indonesia,IDN,11
2021,Seychelles,SYC,2
2021,Solomon Islands,SLB,2
2021,Eswatini,SWZ,3
2021,Uganda,UGA,3
2021,Vanuatu,VUT,3
2021,Romania,ROU,6
2015,Hungary,HUN,7
2021,Senegal,SEN,2
2021,South Sudan,SSD,2
2021,Liechtenstein,LIE,5
2017,India,IND,18
2006,India,IND,5
2017,Egypt,EGY,6
2018,Egypt,EGY,1
2006,Azerbaijan,AZE,2
2021,Cook Islands,COK,1
2014,Viet Nam,VNM,5
2013,United States,USA,17
2021,Cuba,CUB,2
2021,Singapore,SGP,11
2021,Burundi,BDI,2
2021,Micronesia (Federated States of),FSM,2
2021,Sri Lanka,LKA,3
2021,Saint Lucia,LCA,2
2021,Belize,BLZ,2
2016,New Zealand,NZL,10
2021,Lao People's Democratic Republic,LAO,2
2021,Mongolia,MNG,2
2021,Qatar,QAT,5
2004,Angola,AGO,1
2009,Angola,AGO,1
2020,Angola,AGO,2
2000,Angola,AGO,2
2006,Belgium,BEL,5
2019,Gabon,GAB,3
2011,Gabon,GAB,1
2014,Gabon,GAB,1
2006,Equatorial Guinea,GNQ,1
2020,Equatorial Guinea,GNQ,1
2015,Republic of the Congo,COG,2
2016,Republic of the Congo,COG,2
2011,Republic of the Congo,COG,1
2021,Chile,CHL,15
2021,Ecuador,ECU,5
2013,Hungary,HUN,3
2021,New Zealand,NZL,8
2021,Norway,NOR,13
2021,Bolivarian Republic of Venezuela,VEN,2
2021,Dominican Republic,DOM,2
2021,El Salvador,SLV,3
2021,Palau,PLW,1
2021,Papua New Guinea,PNG,2
2021,Saint Vincent and the Grenadines,VCT,1
2021,Trinidad And Tobago,TTO,1
2018,Brazil,BRA,8
2021,Tuvalu,TUV,2
2021,Democratic Republic of the Congo,COD,2
2021,Honduras,HND,3
2021,Montenegro,MNE,2
2021,Nicaragua,NIC,4
2021,Serbia,SRB,3
2021,Burkina Faso,BFA,2
2021,Mozambique,MOZ,3
2021,Lebanon,LBN,2
2018,Peru,PER,2
2014,Peru,PER,3
2009,Peru,PER,7
2020,Denmark,DNK,18
2020,Finland,FIN,12
2021,Oman,OMN,4
2020,Ireland,IRL,8
2005,Iraq,IRQ,1
2009,Iraq,IRQ,1
2014,Kuwait,KWT,2
2007,Qatar,QAT,1
2003,Qatar,QAT,1
2005,Qatar,QAT,1
2018,Ecuador,ECU,2
2017,Ecuador,ECU,4
2001,Ecuador,ECU,2
2016,Switzerland,CHE,2
2016,Korea,KOR,8
2015,Switzerland,CHE,2
2015,Korea,KOR,11
2019,Portugal,PRT,6
2018,Portugal,PRT,10
2020,Slovak Republic,SVK,3
2015,Slovak Republic,SVK,7
2014,Slovak Republic,SVK,8
2019,Slovak Republic,SVK,2
2016,Slovak Republic,SVK,2
2010,Slovak Republic,SVK,4
2021,Slovak Republic,SVK,13
2009,Norway,NOR,4
2020,New Zealand,NZL,8
2004,Australia,AUS,14
2017,Belgium,BEL,6
2020,Austria,AUT,12
2019,Austria,AUT,9
2013,Austria,AUT,7
2015,Austria,AUT,4
2016,Austria,AUT,4
2017,Austria,AUT,4
2018,Austria,AUT,6
2009,Austria,AUT,4
2011,Austria,AUT,4
2010,Austria,AUT,6
2012,Austria,AUT,12
2018,Australia,AUS,15
2016,Australia,AUS,13
2019,Australia,AUS,25
2017,Australia,AUS,14
2008,India,IND,11
2015,Denmark,DNK,9
2018,Denmark,DNK,4
2019,Estonia,EST,6
2018,Finland,FIN,7
2003,Croatia,HRV,1
2019,Finland,FIN,5
2017,Finland,FIN,4
2015,Finland,FIN,4
2018,Ireland,IRL,4
2019,Ireland,IRL,6
2019,Italy,ITA,8
2018,Italy,ITA,4
2020,Japan,JPN,15
2016,Japan,JPN,8
2019,Netherlands,NLD,22
2009,Netherlands,NLD,4
2018,Netherlands,NLD,12
2013,Chile,CHL,5
2014,Netherlands,NLD,9
2017,Netherlands,NLD,5
2011,Netherlands,NLD,9
2016,Netherlands,NLD,12
2019,Poland,POL,16
2017,Poland,POL,2
2015,Poland,POL,8
2011,Canada,CAN,22
2014,Poland,POL,5
2009,Poland,POL,4
2021,Poland,POL,14
2009,Turkiye,TUR,5
2020,Turkiye,TUR,5
2008,Sweden,SWE,4
2017,Turkiye,TUR,7
2019,Turkiye,TUR,5
2016,Turkiye,TUR,6
2006,Germany,DEU,7
2016,Canada,CAN,25
2009,Korea,KOR,4
2012,Islamic Republic of Iran,IRN,2
2009,Islamic Republic of Iran,IRN,5
2011,Oman,OMN,1
2001,Oman,OMN,1
2004,Oman,OMN,1
2016,Oman,OMN,2
2021,Korea,KOR,22
2016,Ghana,GHA,5
2017,Ghana,GHA,1
2021,Viet Nam,VNM,5
2021,Uzbekistan,UZB,4
2021,Zambia,ZMB,3
2021,Paraguay,PRY,2
2021,Myanmar,MMR,2
2021,Kuwait,KWT,2
2021,Democratic People's Republic Of Korea,PRK,2
2021,Guatemala,GTM,4
2021,Cambodia,KHM,2
2020,Sweden,SWE,7
2007,United Kingdom,GBR,8
2001,Saudi Arabia,SAU,2
2003,Saudi Arabia,SAU,1
2017,Saudi Arabia,SAU,3
2008,United Kingdom,GBR,11
2014,United Kingdom,GBR,11
2021,Austria,AUT,28
2017,Ireland,IRL,13
2015,Australia,AUS,14
2017,Portugal,PRT,9
2021,Sweden,SWE,26
2001,Czechia,CZE,4
2021,Lithuania,LTU,15
2021,Czechia,CZE,24
2017,Russian Federation,RUS,2
2020,Norway,NOR,10
2016,Mexico,MEX,14
2019,Nigeria,NGA,4
2020,India,IND,17
2020,Estonia,EST,3
2010,Japan,JPN,3
2021,Thailand,THA,4
2000,Australia,AUS,9
2008,Australia,AUS,17
2003,Australia,AUS,5
2000,Canada,CAN,2
2014,Norway,NOR,3
2010,United Kingdom,GBR,9
2002,France,FRA,8
2015,United Kingdom,GBR,12
2011,Sweden,SWE,6
2011,Norway,NOR,2
2005,Hungary,HUN,3
2007,New Zealand,NZL,5
2014,Luxembourg,LUX,6
2021,Grenada,GRD,2
2014,Lithuania,LTU,2
2015,Belgium,BEL,3
2021,Australia,AUS,35
2011,United Arab Emirates,ARE,5
2005,Lithuania,LTU,4
2021,Belgium,BEL,23
2021,Finland,FIN,21
2021,Ireland,IRL,22
2021,Luxembourg,LUX,14
2006,Italy,ITA,9
2010,India,IND,12
2014,Denmark,DNK,1
2014,Germany,DEU,4
2020,Colombia,COL,9
2008,South Africa,ZAF,12
2020,Israel,ISR,12
2005,France,FRA,5
2022,Israel,ISR,14
2004,South Africa,ZAF,5
2013,Czechia,CZE,2
2021,Croatia,HRV,12
2021,Colombia,COL,22
2021,Turkiye,TUR,5
2009,Portugal,PRT,8
2006,Australia,AUS,10
2019,Czechia,CZE,1
2021,Canada,CAN,39
2021,Russian Federation,RUS,5
2021,Kazakhstan,KAZ,7
2020,Kazakhstan,KAZ,2
2021,Hungary,HUN,11
2018,Chile,CHL,7
2020,Chile,CHL,9
2019,Chile,CHL,5
2021,People's Republic of China,CHN,29
2013,United Kingdom,GBR,6
2021,Brazil,BRA,17
2010,United Arab Emirates,ARE,2
2017,Argentina,ARG,11
2021,Georgia,GEO,4
2019,Ukraine,UKR,6
2012,Norway,NOR,9
2014,Switzerland,CHE,4
2001,Ireland,IRL,7
2002,Luxembourg,LUX,1
2016,India,IND,28
2005,South Africa,ZAF,6
2017,South Africa,ZAF,5
2013,South Africa,ZAF,9
2001,Belgium,BEL,4
2012,Ireland,IRL,4
2006,Austria,AUT,3
2013,Italy,ITA,4
2005,People's Republic of China,CHN,7
2022,Norway,NOR,10
2020,Argentina,ARG,5
2014,Canada,CAN,6
2020,Russian Federation,RUS,2
2018,Uzbekistan,UZB,1
2019,Uzbekistan,UZB,6
2010,Russian Federation,RUS,4
2018,New Zealand,NZL,7
2019,Greece,GRC,1
2021,Portugal,PRT,30
2022,Sweden,SWE,13
2020,South Africa,ZAF,6
2005,Indonesia,IDN,4
2006,Denmark,DNK,4
2006,Ireland,IRL,4
2016,Sweden,SWE,6
2020,Nigeria,NGA,2
2013,Kazakhstan,KAZ,2
2005,United Kingdom,GBR,5
2008,Kyrgyzstan,KGZ,1
2018,Kyrgyzstan,KGZ,1
2016,Kyrgyzstan,KGZ,3
2020,Republic of Moldova,MDA,2
2003,European Union,EUR,7
2020,Georgia,GEO,4
2019,Georgia,GEO,2
2016,Belgium,BEL,4
2020,Indonesia,IDN,9
2019,Indonesia,IDN,7
2021,Morocco,MAR,6
2021,Italy,ITA,19
2008,Hungary,HUN,4
2013,France,FRA,3
2008,Ireland,IRL,7
2022,Czechia,CZE,8
2022,Poland,POL,24
2000,Spain,ESP,6
2007,Italy,ITA,6
2003,Russian Federation,RUS,4
2009,Hungary,HUN,2
2019,Singapore,SGP,4
2013,Denmark,DNK,4
2008,Nauru,NRU,2
2010,Canada,CAN,9
2004,Canada,CAN,2
2006,Canada,CAN,7
2017,Italy,ITA,10
2015,United Arab Emirates,ARE,3
2013,Portugal,PRT,9
2018,Belgium,BEL,2
2022,United States,USA,106
2003,Canada,CAN,12
2004,Sweden,SWE,1
2022,European Union,EUR,17
2011,Japan,JPN,3
2016,Germany,DEU,25
2002,Germany,DEU,14
2008,Italy,ITA,11
2011,Italy,ITA,9
2009,Greece,GRC,3
2022,Australia,AUS,43
2002,Japan,JPN,4
2009,Japan,JPN,8
2005,Germany,DEU,7
2021,Estonia,EST,19
2004,Belgium,BEL,7
2017,Spain,ESP,15
2016,Spain,ESP,5
2008,Finland,FIN,5
2021,Netherlands,NLD,14
2014,Spain,ESP,14
2012,Germany,DEU,11
2022,Austria,AUT,9
2006,Japan,JPN,7
2001,Brazil,BRA,2
2000,Brazil,BRA,3
2021,Latvia,LVA,9
2021,Cyprus,CYP,8
2021,Slovenia,SVN,9
2011,Australia,AUS,15
2003,United States,USA,10
2007,Denmark,DNK,2
2020,Jamaica,JAM,1
2020,Morocco,MAR,1
2021,South Africa,ZAF,9
2004,New Zealand,NZL,1
2008,New Zealand,NZL,6
2022,Korea,KOR,12
2006,Greece,GRC,2
2022,Spain,ESP,20
2022,France,FRA,25
2006,Sweden,SWE,8
2022,Egypt,EGY,3
2015,Indonesia,IDN,9
2006,Netherlands,NLD,3
2022,United Kingdom,GBR,40
2012,Indonesia,IDN,10
2010,Italy,ITA,5
2004,United States,USA,17
2009,Spain,ESP,10
2005,Australia,AUS,7
2022,Denmark,DNK,14
2011,New Zealand,NZL,6
2011,Spain,ESP,11
2020,Ethiopia,ETH,1
2017,Norway,NOR,8
2001,Sweden,SWE,3
2020,Azerbaijan,AZE,3
2019,Azerbaijan,AZE,3
2016,Azerbaijan,AZE,2
2014,Azerbaijan,AZE,2
2013,Azerbaijan,AZE,1
2022,Brazil,BRA,15
2021,Eritrea,ERI,1
2021,Sudan,SDN,3
2021,Somalia,SOM,3
2016,Saudi Arabia,SAU,3
2020,Algeria,DZA,1
2013,Norway,NOR,7
2021,Indonesia,IDN,19
2018,Indonesia,IDN,8
2020,Belarus,BLR,1
2003,Finland,FIN,2
2022,Japan,JPN,16
2002,Norway,NOR,9
2018,Colombia,COL,4
2019,Mexico,MEX,7
2019,United Kingdom,GBR,7
2018,France,FRA,5
2019,France,FRA,7
2022,Colombia,COL,8
2017,Qatar,QAT,1
2007,Germany,DEU,5
2015,Egypt,EGY,5
2016,Egypt,EGY,3
2021,Iraq,IRQ,2
2009,Bolivarian Republic of Venezuela,VEN,3
2022,Chile,CHL,11
2022,Russian Federation,RUS,2
2017,Mexico,MEX,16
2022,Germany,DEU,14
2022,Portugal,PRT,18
2019,Qatar,QAT,1
2011,Qatar,QAT,1
2008,Qatar,QAT,1
2014,Colombia,COL,9
2020,Egypt,EGY,1
2019,Egypt,EGY,3
2003,Netherlands,NLD,2
2008,Netherlands,NLD,10
2000,Netherlands,NLD,3
2010,Netherlands,NLD,6
2014,European Union,EUR,23
2022,Belgium,BEL,19
2004,Cyprus,CYP,2
2008,People's Republic of China,CHN,8
2018,Kazakhstan,KAZ,3
2012,Kazakhstan,KAZ,5
2017,Kazakhstan,KAZ,3
2015,Kazakhstan,KAZ,5
2011,Kazakhstan,KAZ,1
2017,Colombia,COL,8
2013,People's Republic of China,CHN,24
2012,Japan,JPN,6
2007,Belgium,BEL,6
2022,Ireland,IRL,10
2022,Estonia,EST,9
2001,Austria,AUT,6
2011,Germany,DEU,6
2022,Finland,FIN,8
2017,European Union,EUR,5
2000,Italy,ITA,8
2004,Finland,FIN,1
2016,Ecuador,ECU,3
2022,Greece,GRC,8
2015,Mexico,MEX,12
2006,Portugal,PRT,3
2022,New Zealand,NZL,6
2012,Cyprus,CYP,1
2018,Morocco,MAR,2
2012,Oman,OMN,1
2017,Oman,OMN,1
2009,Uzbekistan,UZB,1
2015,Uzbekistan,UZB,1
2012,United Kingdom,GBR,3
2012,Canada,CAN,11
2011,Montenegro,MNE,1
2022,Turkiye,TUR,8
2014,People's Republic of China,CHN,29
2008,Belarus,BLR,2
2009,Belarus,BLR,3
2016,Belarus,BLR,4
2012,Belarus,BLR,2
2010,Belarus,BLR,1
2011,People's Republic of China,CHN,9
2000,United States,USA,9
2015,People's Republic of China,CHN,32
2000,Finland,FIN,1
2009,United Kingdom,GBR,5
2001,Luxembourg,LUX,5
2014,France,FRA,5
2012,Colombia,COL,3
2003,Germany,DEU,3
2016,France,FRA,10
2011,France,FRA,4
2004,Peru,PER,2
2000,Sweden,SWE,3
2006,European Union,EUR,11
2008,European Union,EUR,9
2010,European Union,EUR,7
2003,Luxembourg,LUX,1
2008,Algeria,DZA,2
2003,Italy,ITA,1
2022,People's Republic of China,CHN,20
2021,Algeria,DZA,2
2003,Algeria,DZA,1
2021,Mauritania,MRT,2
2021,Equatorial Guinea,GNQ,2
2019,Cote D'ivoire,CIV,4
2007,Mauritania,MRT,1
2007,Slovak Republic,SVK,7
2004,Germany,DEU,7
2022,South Africa,ZAF,10
2019,New Zealand,NZL,1
2001,Australia,AUS,9
2000,Mauritania,MRT,2
2003,Equatorial Guinea,GNQ,1
2010,Mauritania,MRT,1
2001,European Union,EUR,6
2007,Algeria,DZA,1
2014,Czechia,CZE,6
2019,Peru,PER,2
2013,Luxembourg,LUX,2
2017,Indonesia,IDN,9
2016,Peru,PER,3
2016,Chile,CHL,4
2005,Belgium,BEL,6
2002,People's Republic of China,CHN,2
2022,India,IND,22
2016,Colombia,COL,10
2017,Kuwait,KWT,3
2020,Kuwait,KWT,2
2017,United Arab Emirates,ARE,1
2000,Russian Federation,RUS,2
2001,United Arab Emirates,ARE,1
2006,United Arab Emirates,ARE,2
2018,Democratic Republic of the Congo,COD,2
2019,Democratic Republic of the Congo,COD,3
2013,Belgium,BEL,5
2012,Libya,LBY,2
2022,Azerbaijan,AZE,1
2022,Lithuania,LTU,2
2011,Chile,CHL,5
2022,Italy,ITA,15
2000,Belgium,BEL,6
2010,Philippines,PHL,6
2013,Switzerland,CHE,4
2022,Philippines,PHL,6
2009,Ecuador,ECU,1
2012,Philippines,PHL,3
2020,Ecuador,ECU,2
2018,Philippines,PHL,4
2021,Bulgaria,BGR,5
2022,Bulgaria,BGR,6
2022,Croatia,HRV,8
2022,Cyprus,CYP,3
2009,France,FRA,9
2022,Hungary,HUN,2
2022,Latvia,LVA,5
2022,Luxembourg,LUX,9
2022,Malta,MLT,1
2022,Netherlands,NLD,10
2022,Romania,ROU,11
2022,Slovak Republic,SVK,4
2022,Slovenia,SVN,4
2022,Mexico,MEX,9
2015,Japan,JPN,3
2022,United Republic of Tanzania,TZA,2
2022,Kenya,KEN,6
2022,Cambodia,KHM,5
2022,Peru,PER,6
2022,Nicaragua,NIC,1
2022,Honduras,HND,3
2022,Saint Lucia,LCA,1
2022,Guatemala,GTM,1
2022,Nigeria,NGA,3
2022,Cameroon,CMR,1
2014,Plurinational State of Bolivia,BOL,3
2017,Plurinational State of Bolivia,BOL,1
2018,Dominican Republic,DOM,1
2011,Mexico,MEX,6
2019,Zambia,ZMB,2
2017,Chile,CHL,4
2008,Peru,PER,4
2020,Philippines,PHL,1
2014,Australia,AUS,15
2002,Spain,ESP,8
2014,Ecuador,ECU,1
2013,Poland,POL,8
2022,Malaysia,MYS,5
2022,Singapore,SGP,12
2017,New Zealand,NZL,7
2022,Thailand,THA,7
2022,Morocco,MAR,5
2022,Oman,OMN,3
2002,Hungary,HUN,2
2012,Dominican Republic,DOM,1
2011,Finland,FIN,10
2017,Dominican Republic,DOM,1
2019,Dominican Republic,DOM,2
2015,Italy,ITA,5
2011,Poland,POL,2
2015,Canada,CAN,19
2000,United Kingdom,GBR,7
2002,South Africa,ZAF,1
2019,Norway,NOR,4
2002,Canada,CAN,5
2010,Maldives,MDV,5
2018,People's Republic of China,CHN,11
2008,Mexico,MEX,15
2004,Mexico,MEX,5
2011,South Africa,ZAF,11
2014,Mexico,MEX,18
2022,Kazakhstan,KAZ,2
2009,Ukraine,UKR,5
2010,Ukraine,UKR,1
2010,Indonesia,IDN,5
2014,Korea,KOR,3
2010,Greenland,GRL,1
2007,Greenland,GRL,1
2022,Indonesia,IDN,9
2014,Austria,AUT,2
2022,Viet Nam,VNM,4
2021,Turkmenistan,TKM,2
2004,United Kingdom,GBR,14
2016,Estonia,EST,5
2006,Slovak Republic,SVK,1
2010,Ireland,IRL,4
2015,Germany,DEU,8
2014,Indonesia,IDN,5
2012,Korea,KOR,6
2009,Denmark,DNK,8
2020,Oman,OMN,1
2020,Singapore,SGP,1
2022,United Arab Emirates,ARE,6
2001,Japan,JPN,7
2010,Luxembourg,LUX,4
2022,Algeria,DZA,1
2022,Cote D'ivoire,CIV,1
2003,France,FRA,5
2006,New Zealand,NZL,4
2001,People's Republic of China,CHN,3
2007,Romania,ROU,3
2022,Jordan,JOR,1
2022,Bosnia and Herzegovina,BIH,3
2004,Cambodia,KHM,1
2017,Bahrain,BHR,1
2022,Albania,ALB,1
2022,Myanmar,MMR,2
2012,Russian Federation,RUS,3
2005,Slovak Republic,SVK,4
2000,Denmark,DNK,5
2013,Sweden,SWE,4
2017,Sweden,SWE,4
2011,European Union,EUR,6
2005,Chile,CHL,3
2010,Norway,NOR,10
2004,Spain,ESP,4
2011,Colombia,COL,4
2009,Argentina,ARG,4
2014,India,IND,15
2015,European Union,EUR,8
2018,Germany,DEU,9
2018,South Africa,ZAF,4
2020,Panama,PAN,2
2017,Zimbabwe,ZWE,1
2020,Kenya,KEN,3
2020,Sierra Leone,SLE,1
2013,Kenya,KEN,1
2002,Brazil,BRA,2
2013,Guyana,GUY,2
2018,Nepal,NPL,1
2015,India,IND,31
2016,Indonesia,IDN,10
2012,Peru,PER,5
2009,Belgium,BEL,4
2019,Colombia,COL,5
2014,Nigeria,NGA,1
2009,Burkina Faso,BFA,1
2016,Ireland,IRL,8
2005,Japan,JPN,4
2011,Thailand,THA,1
2019,Spain,ESP,4
2011,India,IND,12
2017,Jordan,JOR,1
2016,Philippines,PHL,4
2018,Spain,ESP,6
2019,Philippines,PHL,3
2002,European Union,EUR,2
2015,Brazil,BRA,5
2011,Brazil,BRA,5
2019,Denmark,DNK,1
2014,Japan,JPN,7
2012,Jordan,JOR,5
2012,Slovak Republic,SVK,2
2017,France,FRA,4
2010,Sierra Leone,SLE,1
2014,Mongolia,MNG,1
2022,Namibia,NAM,1
2009,New Caledonia,NCL,1
2012,Italy,ITA,3
2022,Ukraine,UKR,2
2009,Greenland,GRL,1
2020,Greenland,GRL,1
2002,Portugal,PRT,3
2019,Hungary,HUN,1
2017,Slovak Republic,SVK,4
2001,United States,USA,9
2016,Denmark,DNK,4
2018,Norway,NOR,4
2014,Portugal,PRT,5
2009,India,IND,13
2003,Spain,ESP,3
2010,Lithuania,LTU,3
2019,Malaysia,MYS,2
2012,Denmark,DNK,2
2014,Singapore,SGP,3
2011,Singapore,SGP,9
2012,Switzerland,CHE,5
2005,Thailand,THA,3
2020,Viet Nam,VNM,18
2008,Cuba,CUB,1
2022,Ecuador,ECU,1
2009,Chile,CHL,4
2014,Hong Kong (China),HKG,1
2011,Greece,GRC,2
2004,Korea,KOR,5
2012,Malaysia,MYS,1
2008,Panama,PAN,2
2015,Thailand,THA,2
2011,Turkiye,TUR,4
2018,Uruguay,URY,1
2011,Switzerland,CHE,1
2006,Singapore,SGP,4
2002,Nicaragua,NIC,2
2018,Viet Nam,VNM,2
2007,Viet Nam,VNM,2
2011,Peru,PER,2
2013,Turkiye,TUR,4
2015,New Zealand,NZL,2
2015,Viet Nam,VNM,15
2019,Panama,PAN,1
2014,Kazakhstan,KAZ,2
2008,Korea,KOR,1
2000,Korea,KOR,1
2012,Bolivarian Republic of Venezuela,VEN,1
2012,Portugal,PRT,4
2010,Uruguay,URY,4
2017,Uruguay,URY,2
2007,Uruguay,URY,2
2005,Uruguay,URY,2
2020,Bulgaria,BGR,2
2005,Brazil,BRA,4
2014,Brazil,BRA,4
2017,Chinese Taipei,TWN,2
2022,Chinese Taipei,TWN,7
2009,Singapore,SGP,2
2009,Uruguay,URY,8
2021,Albania,ALB,3
2021,Andorra,AND,2
2021,Antigua and Barbuda,ATG,2
2021,Bahamas,BHS,2
2006,France,FRA,7
2008,Estonia,EST,1
2021,Cabo Verde,CPV,2
2021,Cameroon,CMR,2
2021,Central African Republic,CAF,2
2021,Chad,TCD,2
2021,Comoros,COM,2
2021,Republic of the Congo,COG,2
2021,Cote D'ivoire,CIV,3
2021,Dominica,DMA,2
2021,Egypt,EGY,3
2007,Indonesia,IDN,3
2021,Gabon,GAB,2
2021,Gambia,GMB,2
2021,Guinea,GIN,2
2021,Guinea-Bissau,GNB,2
2021,Haiti,HTI,2
2021,Holy See,VAT,1
2021,Kyrgyzstan,KGZ,3
2021,Liberia,LBR,2
2021,Monaco,MCO,2
2021,Nepal,NPL,3
2021,Niger,NER,2
2021,Niue,NIU,1
2021,Former Yugoslav Republic Of Macedonia,MKD,2
2007,Portugal,PRT,5
2021,Republic of Moldova,MDA,2
2021,Saint Kitts And Nevis,KNA,2
2021,San Marino,SMR,1
2021,Sao Tome And Principe,STP,2
2021,Sierra Leone,SLE,2
2021,Syrian Arab Republic,SYR,1
2021,Timor-Leste,TLS,2
2021,Togo,TGO,2
2021,Tonga,TON,2
2021,United Republic of Tanzania,TZA,2
2007,Pakistan,PAK,1
2019,Viet Nam,VNM,1
2013,Chinese Taipei,TWN,2
2014,Chinese Taipei,TWN,1
2018,Chinese Taipei,TWN,2
2006,Chinese Taipei,TWN,1
2004,Chinese Taipei,TWN,1
2000,Sri Lanka,LKA,1
2006,Sri Lanka,LKA,1
2015,Democratic People's Republic Of Korea,PRK,1
2012,Chinese Taipei,TWN,1
2011,Malaysia,MYS,2
2010,Viet Nam,VNM,2
2012,India,IND,9
2001,Singapore,SGP,4
2013,United Arab Emirates,ARE,3
2018,Sri Lanka,LKA,1
2005,Singapore,SGP,2
2013,Singapore,SGP,4
2003,Singapore,SGP,2
2002,Singapore,SGP,1
2010,Switzerland,CHE,9
2009,Switzerland,CHE,4
2008,Switzerland,CHE,10
2007,Switzerland,CHE,4
2014,United Arab Emirates,ARE,2
2006,Switzerland,CHE,1
2005,Switzerland,CHE,2
2004,Switzerland,CHE,2
2008,Portugal,PRT,3
2007,Zimbabwe,ZWE,1
2016,Eswatini,SWZ,4
2003,Switzerland,CHE,1
2017,Brazil,BRA,6
2018,Israel,ISR,1
2009,Costa Rica,CRI,4
2013,New Zealand,NZL,3
2016,Uruguay,URY,3
2008,Belgium,BEL,3
2005,Tunisia,TUN,4
2008,Viet Nam,VNM,1
2005,Mexico,MEX,8
2006,Malaysia,MYS,2
2007,Thailand,THA,4
2008,Philippines,PHL,5
2014,South Africa,ZAF,9
2011,Hungary,HUN,3
2001,South Africa,ZAF,2
2002,United Arab Emirates,ARE,1
2016,Mongolia,MNG,2
2002,Greece,GRC,1
2010,Morocco,MAR,4
2019,Zimbabwe,ZWE,1
2008,Poland,POL,2
2004,France,FRA,1
2002,Switzerland,CHE,5
2012,Ukraine,UKR,3
2007,Austria,AUT,7
2011,Belgium,BEL,6
2006,Turkiye,TUR,1
2007,Tunisia,TUN,3
2003,United Arab Emirates,ARE,2
2009,Kiribati,KIR,1
2012,Nicaragua,NIC,6
2000,Mexico,MEX,3
2003,Mexico,MEX,4
2004,Uruguay,URY,1
2010,Mexico,MEX,5
2015,Panama,PAN,2
2012,Belgium,BEL,2
2011,Costa Rica,CRI,2
2002,Mexico,MEX,2
2017,Tunisia,TUN,1
2013,Peru,PER,4
2010,Argentina,ARG,4
2004,Indonesia,IDN,2
2007,Serbia,SRB,1
2008,Turkiye,TUR,4
2015,Colombia,COL,4
2016,Kenya,KEN,2
2016,Argentina,ARG,6
2015,Argentina,ARG,3
2018,Argentina,ARG,5
2005,Estonia,EST,2
2010,Iceland,ISL,6
2006,Latvia,LVA,4
2013,Liechtenstein,LIE,1
2011,Ukraine,UKR,2
2022,Uruguay,URY,2
2022,Montenegro,MNE,1
2006,Argentina,ARG,2
2000,Viet Nam,VNM,1
2017,Costa Rica,CRI,3
2014,Iceland,ISL,3
2006,Iceland,ISL,3
2013,Malaysia,MYS,3
2020,Hong Kong (China),HKG,1
2020,Vanuatu,VUT,1
2020,Peru,PER,1
2018,Thailand,THA,2
2010,New Zealand,NZL,6
2013,Australia,AUS,14
2003,India,IND,3
2017,Hungary,HUN,6
2008,Austria,AUT,4
2008,Colombia,COL,3
2000,Colombia,COL,2
2002,Colombia,COL,3
2018,Saudi Arabia,SAU,3
2007,Argentina,ARG,4
2000,Czechia,CZE,2
2006,Egypt,EGY,1
2009,Egypt,EGY,1
2017,Greece,GRC,6
2019,Latvia,LVA,1
2016,Lithuania,LTU,2
2012,Netherlands,NLD,6
2010,Albania,ALB,2
2008,Slovak Republic,SVK,3
2016,Costa Rica,CRI,2
2010,Honduras,HND,2
2001,Cuba,CUB,3
2009,Panama,PAN,2
2002,Costa Rica,CRI,2
2005,Trinidad And Tobago,TTO,1
2020,Bolivarian Republic of Venezuela,VEN,1
2001,Bolivarian Republic of Venezuela,VEN,2
2013,Bolivarian Republic of Venezuela,VEN,3
2014,Bolivarian Republic of Venezuela,VEN,1
2017,El Salvador,SLV,2
2013,Guatemala,GTM,4
2017,Nicaragua,NIC,1
2002,Panama,PAN,1
2013,Panama,PAN,3
2014,Honduras,HND,2
2008,Chinese Taipei,TWN,1
2017,Peru,PER,3
2014,Nicaragua,NIC,2
2010,Peru,PER,5
2001,India,IND,2
2005,Italy,ITA,5
2006,Spain,ESP,4
2003,Norway,NOR,4
2020,Uruguay,URY,1
2020,Chinese Taipei,TWN,1
2014,Ireland,IRL,5
2012,Chile,CHL,3
2019,Ecuador,ECU,2
2012,Paraguay,PRY,1
2011,United Kingdom,GBR,7
2007,Brazil,BRA,6
2019,Hong Kong (China),HKG,3
2016,Viet Nam,VNM,4
2006,Czechia,CZE,1
2005,New Zealand,NZL,4
2015,Kenya,KEN,2
2013,Uganda,UGA,2
2014,Uganda,UGA,1
2000,Zambia,ZMB,1
2009,Senegal,SEN,1
2013,Algeria,DZA,1
2020,Saudi Arabia,SAU,1
2006,Ukraine,UKR,2
2003,Senegal,SEN,1
2018,Ukraine,UKR,3
2012,Costa Rica,CRI,3
2008,Paraguay,PRY,2
2007,Sweden,SWE,3
2020,Ukraine,UKR,1
2014,Argentina,ARG,2
2017,Israel,ISR,3
2011,Denmark,DNK,3
2010,Hungary,HUN,2
2007,Ireland,IRL,9
2000,Latvia,LVA,1
2011,Lithuania,LTU,3
2012,Luxembourg,LUX,2
2008,Norway,NOR,7
2006,Poland,POL,2
2009,Slovak Republic,SVK,3
2012,Turkiye,TUR,3
2000,Germany,DEU,8
2002,Argentina,ARG,1
2007,European Union,EUR,7
2005,Norway,NOR,5
2017,Singapore,SGP,6
2018,Turkiye,TUR,4
2015,Netherlands,NLD,11
2012,Poland,POL,2
2017,Ukraine,UKR,4
2003,Turkiye,TUR,1
2022,Mozambique,MOZ,1
2010,Turkiye,TUR,6
2019,Andorra,AND,1
2015,Turkiye,TUR,3
2001,Kazakhstan,KAZ,1
2003,Hong Kong (China),HKG,1
2007,Turkiye,TUR,6
2008,Luxembourg,LUX,6
2005,European Union,EUR,5
2004,European Union,EUR,2
2000,European Union,EUR,4
2000,Turkmenistan,TKM,1
2017,"China, Macao Special Administrative Region",MAC,1
2012,Serbia,SRB,1
2006,Kyrgyzstan,KGZ,1
2006,Serbia,SRB,1
2000,Turkiye,TUR,3
2005,Ukraine,UKR,3
2013,Ukraine,UKR,1
2001,Ukraine,UKR,1
2002,Ukraine,UKR,1
2003,Vanuatu,VUT,1
2008,Pakistan,PAK,2
2005,Sri Lanka,LKA,1
2018,Czechia,CZE,2
2015,Czechia,CZE,1
2021,Madagascar,MDG,2
2011,Romania,ROU,1
2009,Bulgaria,BGR,1
2001,Switzerland,CHE,2
2003,Bulgaria,BGR,1
2013,Malta,MLT,2
2001,Republic of Moldova,MDA,1
2001,Hungary,HUN,3
2013,Ireland,IRL,2
2013,Romania,ROU,1
2013,Finland,FIN,2
2013,Netherlands,NLD,5
2013,Slovak Republic,SVK,4
2013,Croatia,HRV,3
2013,Cyprus,CYP,1
2013,Latvia,LVA,1
2013,Slovenia,SVN,2
2013,Bulgaria,BGR,3
2013,Greece,GRC,1
2013,Serbia,SRB,5
2013,Lithuania,LTU,3
2013,Estonia,EST,2
2013,Germany,DEU,5
2005,Poland,POL,3
2005,Liechtenstein,LIE,2
2005,Austria,AUT,5
2020,Croatia,HRV,1
2005,Malta,MLT,3
2005,Romania,ROU,1
2020,Cyprus,CYP,1
2020,Czechia,CZE,1
2005,Czechia,CZE,4
2020,Latvia,LVA,1
2005,Denmark,DNK,2
2020,Slovenia,SVN,1
2005,Finland,FIN,2
2020,Belgium,BEL,1
2020,Malta,MLT,1
2020,Romania,ROU,1
2005,Netherlands,NLD,6
2005,Spain,ESP,3
2005,Croatia,HRV,1
2005,Cyprus,CYP,1
2005,Iceland,ISL,2
2005,Portugal,PRT,2
2005,Latvia,LVA,4
2005,Slovenia,SVN,1
2005,Bulgaria,BGR,1
2005,Greece,GRC,3
2005,Ireland,IRL,6
2005,Luxembourg,LUX,3
2021,Malta,MLT,4
2015,Norway,NOR,6
2015,Latvia,LVA,1
2015,Slovenia,SVN,1
2015,Bulgaria,BGR,1
2015,Greece,GRC,1
2015,Ireland,IRL,2
2015,Sweden,SWE,5
2015,Malta,MLT,1
2015,Romania,ROU,1
2015,Luxembourg,LUX,2
2015,Lithuania,LTU,2
2015,Estonia,EST,5
2015,Spain,ESP,16
2015,Croatia,HRV,1
2015,Cyprus,CYP,2
2009,People's Republic of China,CHN,9
2011,Portugal,PRT,4
2015,Iraq,IRQ,1
2015,Turkmenistan,TKM,1
2015,Oman,OMN,2
2015,Azerbaijan,AZE,1
2015,Russian Federation,RUS,3
2015,Morocco,MAR,3
2015,Bahrain,BHR,2
2015,Gabon,GAB,1
2015,Saudi Arabia,SAU,2
2015,Ecuador,ECU,2
2015,Peru,PER,1
2015,Niger,NER,1
2015,Nigeria,NGA,1
2015,South Sudan,SSD,1
2015,Angola,AGO,4
2010,Malaysia,MYS,6
2007,South Africa,ZAF,4
2019,Guyana,GUY,1
2019,Argentina,ARG,3
2019,Mongolia,MNG,1
2019,Suriname,SUR,1
2019,United Republic of Tanzania,TZA,2
2019,Malawi,MWI,2
2019,Mauritania,MRT,2
2019,Central African Republic,CAF,2
2019,Myanmar,MMR,1
2019,Iraq,IRQ,1
2019,Mozambique,MOZ,2
2019,Seychelles,SYC,2
2019,Sierra Leone,SLE,2
2019,Guinea,GIN,2
2019,Mali,MLI,2
2019,Kyrgyzstan,KGZ,1
2019,Chad,TCD,2
2019,Guatemala,GTM,2
2019,Afghanistan,AFG,1
2019,Trinidad And Tobago,TTO,1
2019,Papua New Guinea,PNG,1
2019,Sao Tome And Principe,STP,2
2019,Albania,ALB,1
2019,Ethiopia,ETH,2
2019,Liberia,LBR,1
2019,Madagascar,MDG,1
2019,Armenia,ARM,1
2019,Tajikistan,TJK,1
2019,Uganda,UGA,2
2019,Burkina Faso,BFA,2
2019,Honduras,HND,2
2019,Timor-Leste,TLS,1
2019,Niger,NER,2
2019,Togo,TGO,2
2019,Republic of the Congo,COG,2
2019,Angola,AGO,2
2019,Ghana,GHA,2
2019,Kazakhstan,KAZ,1
2019,Cameroon,CMR,2
2006,Chile,CHL,3
2006,Brunei Darussalam,BRN,2
2002,Chile,CHL,1
2002,Guatemala,GTM,1
2002,Honduras,HND,1
2002,El Salvador,SLV,1
2011,Korea,KOR,7
2013,Korea,KOR,3
2008,Chile,CHL,3
2015,Chile,CHL,3
2009,Oman,OMN,1
2018,Japan,JPN,7
2018,Malaysia,MYS,5
2012,Panama,PAN,3
2018,Brunei Darussalam,BRN,2
2018,Mexico,MEX,12
2007,Chile,CHL,1
2010,Singapore,SGP,2
2010,Brunei Darussalam,BRN,2
2010,Thailand,THA,2
2010,Cambodia,KHM,2
2010,Lao People's Democratic Republic,LAO,2
2010,Myanmar,MMR,2
2013,Kuwait,KWT,1
2013,Oman,OMN,1
2019,Korea,KOR,4
2013,Bahrain,BHR,1
2013,Qatar,QAT,2
2019,Nicaragua,NIC,1
2013,Saudi Arabia,SAU,2
2004,Singapore,SGP,1
2019,Costa Rica,CRI,1
2019,El Salvador,SLV,1
2010,Paraguay,PRY,1
2010,Israel,ISR,2
2003,Iceland,ISL,1
2004,Liechtenstein,LIE,1
2004,Iceland,ISL,1
2006,Honduras,HND,1
2006,Nicaragua,NIC,1
2004,Chile,CHL,3
2006,Costa Rica,CRI,1
2003,Liechtenstein,LIE,1
2006,El Salvador,SLV,1
2006,Dominican Republic,DOM,1
2009,Liechtenstein,LIE,1
2006,Guatemala,GTM,2
2009,Iceland,ISL,1
2022,Brunei Darussalam,BRN,1
2006,Korea,KOR,4
2022,Lao People's Democratic Republic,LAO,1
2006,Norway,NOR,2
2006,Panama,PAN,1
2006,Liechtenstein,LIE,1
2008,Liechtenstein,LIE,2
2014,Saudi Arabia,SAU,2
2014,Bahrain,BHR,1
2017,Paraguay,PRY,2
2014,Qatar,QAT,1
2005,Peru,PER,1
2005,Argentina,ARG,3
2005,Paraguay,PRY,2
2008,Namibia,NAM,2
2008,Eswatini,SWZ,2
2014,Liechtenstein,LIE,2
2006,Bahrain,BHR,1
2008,Botswana,BWA,2
2008,Iceland,ISL,2
2014,Oman,OMN,1
2001,Jordan,JOR,1
2008,Lesotho,LSO,2
2006,Morocco,MAR,2
2012,Hong Kong (China),HKG,1
2012,Liechtenstein,LIE,3
2007,United Republic of Tanzania,TZA,1
2012,Iceland,ISL,3
2007,Lesotho,LSO,2
2007,Malawi,MWI,1
2009,Paraguay,PRY,1
2007,Iceland,ISL,3
2007,Mozambique,MOZ,2
2007,Norway,NOR,2
2007,Egypt,EGY,3
2007,Namibia,NAM,1
2007,Seychelles,SYC,1
2014,Hungary,HUN,1
2007,Eswatini,SWZ,1
2007,Botswana,BWA,1
2021,Lesotho,LSO,2
2007,Angola,AGO,1
2007,People's Republic of China,CHN,7
2007,Democratic Republic of the Congo,COD,3
2007,Madagascar,MDG,1
2007,Mauritius,MUS,1
2007,Zambia,ZMB,2
2016,South Africa,ZAF,5
2019,Brunei Darussalam,BRN,1
2016,Botswana,BWA,4
2016,Namibia,NAM,4
2016,Lesotho,LSO,4
2019,"China, Macao Special Administrative Region",MAC,1
2004,Czechia,CZE,3
2019,Cambodia,KHM,1
2019,Thailand,THA,1
2008,Brunei Darussalam,BRN,2
2016,Paraguay,PRY,2
2018,Paraguay,PRY,1
2004,Panama,PAN,2
2016,Brazil,BRA,5
2010,Liechtenstein,LIE,4
2015,Liechtenstein,LIE,1
2015,Iceland,ISL,1
2015,Bosnia and Herzegovina,BIH,1
2000,India,IND,2
2017,Iceland,ISL,5
2017,Liechtenstein,LIE,1
2017,Georgia,GEO,1
2012,Montenegro,MNE,1
2001,New Zealand,NZL,2
2005,Jordan,JOR,3
2019,Morocco,MAR,4
2019,Rwanda,RWA,4
2003,Morocco,MAR,2
2005,India,IND,5
2019,Guinea-Bissau,GNB,1
2019,Kenya,KEN,3
2013,Costa Rica,CRI,3
2019,Burundi,BDI,1
2020,Liechtenstein,LIE,1
2020,Iceland,ISL,1
2019,Botswana,BWA,1
2008,Albania,ALB,1
2006,Albania,ALB,1
2019,Western Sahara,ESH,1
2001,Iceland,ISL,1
2001,Norway,NOR,4
2019,Namibia,NAM,1
2001,Mexico,MEX,6
2001,Liechtenstein,LIE,1
2019,Eswatini,SWZ,1
2019,Djibouti,DJI,1
2011,Islamic Republic of Iran,IRN,3
2002,Liechtenstein,LIE,2
2002,Jordan,JOR,2
2019,Lesotho,LSO,1
2002,Iceland,ISL,2
2019,Mauritius,MUS,1
2019,South Africa,ZAF,5
2019,Equatorial Guinea,GNQ,1
2019,Gambia,GMB,1
2008,Thailand,THA,3
2008,Cambodia,KHM,1
2008,Indonesia,IDN,3
2008,Malaysia,MYS,4
2008,Myanmar,MMR,1
2008,Lao People's Democratic Republic,LAO,1
2019,Cabo Verde,CPV,1
2019,Comoros,COM,1
2019,Tunisia,TUN,1
2005,Saint Kitts And Nevis,KNA,1
2007,Australia,AUS,8
2005,Saint Lucia,LCA,1
2005,Barbados,BRB,1
2005,Belize,BLZ,1
2005,Costa Rica,CRI,1
2005,Antigua and Barbuda,ATG,1
2010,Plurinational State of Bolivia,BOL,1
2005,Dominica,DMA,1
2005,Guyana,GUY,1
2005,Haiti,HTI,1
2005,Jamaica,JAM,1
2005,Montserrat,MSR,1
2005,Bahamas,BHS,1
2005,Suriname,SUR,1
2005,Saint Vincent and the Grenadines,VCT,1
2005,Grenada,GRD,1
2008,Honduras,HND,1
2008,El Salvador,SLV,1
2012,Guatemala,GTM,1
2012,Mexico,MEX,6
2012,Honduras,HND,1
2012,El Salvador,SLV,5
2003,Brazil,BRA,2
2007,Republic of Moldova,MDA,1
2007,Montenegro,MNE,1
2007,Albania,ALB,1
2007,Croatia,HRV,5
2007,Bulgaria,BGR,2
2022,Iceland,ISL,1
2007,Bosnia and Herzegovina,BIH,1
2022,Liechtenstein,LIE,1
2020,Tuvalu,TUV,1
2020,Niue,NIU,1
2020,Samoa,WSM,1
2020,Solomon Islands,SLB,1
2020,Tonga,TON,1
2020,Kiribati,KIR,1
2020,Cook Islands,COK,1
2011,Hong Kong (China),HKG,1
2003,Hungary,HUN,4
2006,Luxembourg,LUX,2
2012,Spain,ESP,9
2012,Malta,MLT,3
2007,Kenya,KEN,1
2010,El Salvador,SLV,2
2010,Colombia,COL,2
2010,Guatemala,GTM,1
2013,Ecuador,ECU,6
2003,Cyprus,CYP,2
2013,Honduras,HND,1
2013,Nicaragua,NIC,2
2013,El Salvador,SLV,1
2009,Honduras,HND,1
2014,Malta,MLT,1
2009,Nicaragua,NIC,2
2009,El Salvador,SLV,1
2009,Guatemala,GTM,1
2014,Cuba,CUB,1
2016,Kazakhstan,KAZ,1
2016,Russian Federation,RUS,2
2016,Armenia,ARM,3
2011,Ireland,IRL,5
2001,Netherlands,NLD,3
2002,Ireland,IRL,3
2015,Malaysia,MYS,1
2016,Italy,ITA,6
2016,Iceland,ISL,1
2016,Norway,NOR,6
2016,Portugal,PRT,7
2016,Former Yugoslav Republic Of Macedonia,MKD,1
2016,Latvia,LVA,1
2016,Bahamas,BHS,1
2016,Panama,PAN,1
2016,Palau,PLW,1
2016,Bolivarian Republic of Venezuela,VEN,1
2016,Bangladesh,BGD,1
2016,Saint Vincent and the Grenadines,VCT,1
2016,San Marino,SMR,1
2016,Singapore,SGP,1
2016,Slovenia,SVN,2
2016,Sri Lanka,LKA,1
2016,Tonga,TON,1
2016,Bhutan,BTN,1
2016,Bulgaria,BGR,1
2016,Bosnia and Herzegovina,BIH,1
2016,Cote D'ivoire,CIV,3
2016,United Republic of Tanzania,TZA,1
2016,Malawi,MWI,1
2016,Zimbabwe,ZWE,1
2000,Israel,ISR,2
2016,Cabo Verde,CPV,2
2016,Comoros,COM,1
2016,Syrian Arab Republic,SYR,1
2016,Tunisia,TUN,1
2016,Cuba,CUB,1
2016,Dominican Republic,DOM,1
2016,Grenada,GRD,1
2016,Greece,GRC,3
2016,Kiribati,KIR,1
2015,Ukraine,UKR,1
2000,Switzerland,CHE,4
2016,Lao People's Democratic Republic,LAO,2
2016,Maldives,MDV,1
2016,Marshall Islands,MHL,1
2008,Ukraine,UKR,4
2016,Nauru,NRU,1
2016,Romania,ROU,2
2016,Serbia,SRB,1
2016,Tuvalu,TUV,1
2016,Mozambique,MOZ,2
2016,Seychelles,SYC,1
2016,Sierra Leone,SLE,1
2016,Djibouti,DJI,1
2016,Fiji,FJI,1
2016,Guinea,GIN,2
2016,Mali,MLI,2
2016,Chad,TCD,1
2016,Guatemala,GTM,2
2016,Czechia,CZE,1
2016,Finland,FIN,3
2016,Democratic People's Republic Of Korea,PRK,1
2016,Malaysia,MYS,2
2016,Montenegro,MNE,1
2016,Niue,NIU,1
2016,Trinidad And Tobago,TTO,1
2016,Samoa,WSM,1
2016,Solomon Islands,SLB,2
2016,Lebanon,LBN,2
2016,Morocco,MAR,2
2016,Vanuatu,VUT,1
2016,Rwanda,RWA,1
2016,Sao Tome And Principe,STP,1
2012,Azerbaijan,AZE,1
2016,Albania,ALB,1
2016,Ethiopia,ETH,2
2016,Gabon,GAB,1
2016,Croatia,HRV,2
2016,Cyprus,CYP,1
2003,Lebanon,LBN,1
2016,Guinea-Bissau,GNB,2
2016,Liberia,LBR,2
2016,Mauritius,MUS,4
2016,Tajikistan,TJK,1
2016,Uganda,UGA,1
2016,Zambia,ZMB,2
2016,Burkina Faso,BFA,2
2016,United Arab Emirates,ARE,1
2016,Plurinational State of Bolivia,BOL,1
2016,Hungary,HUN,1
2016,Holy See,VAT,1
2016,Luxembourg,LUX,1
2016,Poland,POL,1
2016,Liechtenstein,LIE,1
2016,Honduras,HND,1
2016,Nicaragua,NIC,1
2016,Saint Lucia,LCA,1
2016,Barbados,BRB,1
2016,Belize,BLZ,1
2016,Micronesia (Federated States of),FSM,1
2016,Thailand,THA,1
2016,Jordan,JOR,1
2016,Georgia,GEO,1
2016,Niger,NER,2
2016,Nigeria,NGA,4
2016,Somalia,SOM,1
2014,Philippines,PHL,3
2016,Cambodia,KHM,1
2016,Togo,TGO,1
2016,Angola,AGO,1
2016,Eritrea,ERI,1
2016,Gambia,GMB,2
2016,Cook Islands,COK,1
2012,Republic of Moldova,MDA,2
2016,Andorra,AND,1
2016,Republic of Moldova,MDA,6
2016,Benin,BEN,1
2016,Burundi,BDI,1
2016,Cameroon,CMR,1
2016,El Salvador,SLV,1
2013,Republic of Moldova,MDA,1
2011,Republic of Moldova,MDA,1
2016,Senegal,SEN,1
2015,Republic of Moldova,MDA,2
2014,Republic of Moldova,MDA,4
2015,Kuwait,KWT,1
2015,Qatar,QAT,1
2018,Republic of Moldova,MDA,3
2010,Montenegro,MNE,4
2018,Latvia,LVA,1
2018,Slovenia,SVN,1
2018,Bulgaria,BGR,2
2000,Former Yugoslav Republic Of Macedonia,MKD,1
2018,Greece,GRC,1
2005,State of Palestine,PSE,1
2018,Slovak Republic,SVK,1
2018,Croatia,HRV,1
2018,Cyprus,CYP,1
2018,Hungary,HUN,1
2018,Luxembourg,LUX,2
2018,Lithuania,LTU,1
2018,Estonia,EST,2
2017,Republic of Moldova,MDA,3
2007,Syrian Arab Republic,SYR,1
2018,Sweden,SWE,6
2018,Malta,MLT,1
2018,Romania,ROU,1
2010,Serbia,SRB,2
2003,Tonga,TON,1
2003,Kiribati,KIR,1
2022,Saudi Arabia,SAU,1
2003,Niue,NIU,1
2003,Papua New Guinea,PNG,1
2003,Samoa,WSM,1
2003,Solomon Islands,SLB,1
2003,Tuvalu,TUV,1
2003,Fiji,FJI,1
2003,Cook Islands,COK,1
2003,Bosnia and Herzegovina,BIH,1
2014,Guatemala,GTM,2
2014,Costa Rica,CRI,5
2005,Pakistan,PAK,1
2017,Faroe Islands,FRO,1
2014,Ukraine,UKR,2
2001,Armenia,ARM,2
2000,Morocco,MAR,1
2000,South Africa,ZAF,2
2014,Cameroon,CMR,1
2008,Saint Lucia,LCA,1
2008,Barbados,BRB,1
2008,Belize,BLZ,1
2008,Haiti,HTI,1
2008,Guyana,GUY,1
2008,Jamaica,JAM,2
2008,Bahamas,BHS,1
2008,Suriname,SUR,1
2008,Saint Vincent and the Grenadines,VCT,1
2008,Dominican Republic,DOM,1
2008,Grenada,GRD,1
2008,Antigua and Barbuda,ATG,1
2008,Dominica,DMA,1
2009,Malaysia,MYS,1
2008,Georgia,GEO,1
2013,Mauritius,MUS,1
2012,Zimbabwe,ZWE,1
2012,Comoros,COM,1
2012,Madagascar,MDG,1
2012,Mauritius,MUS,1
2012,Seychelles,SYC,2
2014,Montserrat,MSR,1
2014,Netherlands Antilles,ANT,1
2014,British Indian Ocean Territory,IOT,1
2014,French Polynesia,PYF,1
2014,Cayman Islands,CYM,1
2014,Falkland Islands (Malvinas),FLK,1
2014,Pitcairn,PCN,1
2014,New Caledonia,NCL,1
2014,Bermuda,BMU,1
2014,French Southern Territories,ATF,1
2014,Greenland,GRL,1
2014,Wallis and Futuna Islands,WLF,1
2009,Fiji,FJI,1
2009,Papua New Guinea,PNG,1
2009,Samoa,WSM,1
2009,Solomon Islands,SLB,1
2000,Georgia,GEO,1
2006,Russian Federation,RUS,3
2005,Republic of Moldova,MDA,1
2013,Montenegro,MNE,1
2001,Former Yugoslav Republic Of Macedonia,MKD,1
2002,Tajikistan,TJK,1
2015,Singapore,SGP,1
2014,Chile,CHL,9
2007,Lao People's Democratic Republic,LAO,1
2007,Myanmar,MMR,1
2007,Singapore,SGP,4
2007,Malaysia,MYS,1
2007,Brunei Darussalam,BRN,1
2007,Philippines,PHL,2
2007,Cambodia,KHM,1
2007,Paraguay,PRY,1
2007,Cuba,CUB,1
2006,Maldives,MDV,1
2006,Pakistan,PAK,2
2006,Nepal,NPL,2
2006,Bangladesh,BGD,1
2006,Bhutan,BTN,1
2006,Afghanistan,AFG,1
2011,Iceland,ISL,1
2011,Liechtenstein,LIE,1
2014,Malaysia,MYS,4
2007,Liechtenstein,LIE,1
2007,Lebanon,LBN,1
2007,Morocco,MAR,1
2007,Jordan,JOR,1
2020,Cuba,CUB,1
2018,Liechtenstein,LIE,1
2018,Iceland,ISL,1
2013,Colombia,COL,3
2001,Colombia,COL,2
2013,Argentina,ARG,2
2002,Dominican Republic,DOM,1
2017,Honduras,HND,4
2014,Pakistan,PAK,3
2018,Cambodia,KHM,1
2018,Lao People's Democratic Republic,LAO,1
2018,Myanmar,MMR,1
2018,"China, Macao Special Administrative Region",MAC,1
2018,Hong Kong (China),HKG,1
2000,Burkina Faso,BFA,2
2000,Kenya,KEN,1
2000,Cote D'ivoire,CIV,1
2000,United Republic of Tanzania,TZA,2
2000,Lesotho,LSO,1
2000,Malawi,MWI,1
2000,Cabo Verde,CPV,1
2000,Central African Republic,CAF,1
2000,Comoros,COM,1
2000,Niger,NER,1
2000,Nigeria,NGA,1
2000,Togo,TGO,1
2000,Gambia,GMB,1
2000,Ghana,GHA,1
2000,Republic of the Congo,COG,1
2000,Benin,BEN,1
2000,Burundi,BDI,1
2011,Chinese Taipei,TWN,1
2000,Cameroon,CMR,1
2000,Mozambique,MOZ,1
2000,Namibia,NAM,1
2000,Sierra Leone,SLE,1
2000,Djibouti,DJI,1
2000,Guinea,GIN,1
2000,Mali,MLI,1
2000,Botswana,BWA,1
2000,Chad,TCD,1
2000,Senegal,SEN,1
2016,Chinese Taipei,TWN,1
2000,Eswatini,SWZ,1
2000,Rwanda,RWA,1
2000,Sao Tome And Principe,STP,1
2000,Ethiopia,ETH,1
2000,Gabon,GAB,1
2000,Guinea-Bissau,GNB,1
2000,Liberia,LBR,1
2000,Madagascar,MDG,1
2000,Mauritius,MUS,1
2000,Uganda,UGA,2
2003,Chinese Taipei,TWN,1
2002,Chinese Taipei,TWN,2
2001,Chinese Taipei,TWN,1
2004,Thailand,THA,2
2013,Thailand,THA,2
2010,Poland,POL,3
2010,Belgium,BEL,4
2009,Tunisia,TUN,5
2010,Estonia,EST,4
2010,Latvia,LVA,3
2010,Slovenia,SVN,1
2010,Bulgaria,BGR,2
2010,Greece,GRC,5
2010,Spain,ESP,7
2010,Croatia,HRV,1
2010,Cyprus,CYP,2
2010,Malta,MLT,5
2010,Romania,ROU,2
2010,Czechia,CZE,2
2010,Denmark,DNK,4
2012,Viet Nam,VNM,1
2011,Indonesia,IDN,9
2008,Bosnia and Herzegovina,BIH,1
2014,Georgia,GEO,2
2003,People's Republic of China,CHN,2
2004,Egypt,EGY,1
2016,Mauritania,MRT,1
2004,Former Yugoslav Republic Of Macedonia,MKD,1
2015,Serbia,SRB,1
2006,Faroe Islands,FRO,1
2012,Armenia,ARM,1
2012,Tajikistan,TJK,1
2006,Belarus,BLR,2
2013,Mexico,MEX,14
2004,Austria,AUT,4
2015,Cameroon,CMR,1
2022,Pakistan,PAK,2
2012,South Africa,ZAF,5
2012,France,FRA,2
2013,Viet Nam,VNM,3
2003,Korea,KOR,3
2009,South Africa,ZAF,6
2007,India,IND,6
2001,Korea,KOR,7
2011,Pakistan,PAK,2
2012,Singapore,SGP,2
2000,Estonia,EST,2
2001,Estonia,EST,2
2014,Estonia,EST,3
2017,Estonia,EST,3
2003,Japan,JPN,3
2003,Thailand,THA,1
2008,Denmark,DNK,4
2016,Malta,MLT,1
2017,Denmark,DNK,3
2013,Russian Federation,RUS,2
2013,Japan,JPN,1
2018,Costa Rica,CRI,2
2012,Thailand,THA,2
2018,United Arab Emirates,ARE,1
2000,Austria,AUT,4
2002,Belgium,BEL,5
2013,Burkina Faso,BFA,3
2004,Estonia,EST,2
2017,Germany,DEU,7
2017,Romania,ROU,3
2008,Czechia,CZE,1
2012,Sweden,SWE,4
2020,Kyrgyzstan,KGZ,1
2012,Micronesia (Federated States of),FSM,2
2012,Fiji,FJI,1
2005,Albania,ALB,1
2009,Algeria,DZA,2
2016,Bahrain,BHR,1
2015,Bangladesh,BGD,2
2017,Barbados,BRB,1
2018,Nauru,NRU,1
2015,Niue,NIU,1
2017,Samoa,WSM,1
2012,Samoa,WSM,3
2014,Solomon Islands,SLB,1
2000,Norway,NOR,1
2001,Finland,FIN,3
2010,Saint Vincent and the Grenadines,VCT,1
2002,Australia,AUS,5
2010,South Africa,ZAF,4
2015,South Africa,ZAF,12
2001,Denmark,DNK,3
2014,Belgium,BEL,2
2003,Austria,AUT,1
2003,Sweden,SWE,3
2004,Ireland,IRL,2
2000,Ireland,IRL,2
2001,Portugal,PRT,4
2002,United Kingdom,GBR,9
2002,Austria,AUT,1
2002,Korea,KOR,2
2003,Belgium,BEL,2
2007,Estonia,EST,3
2003,New Zealand,NZL,1
2000,Portugal,PRT,2
2001,Greece,GRC,2
2003,Ireland,IRL,1
2000,Argentina,ARG,1
2002,Philippines,PHL,2
2003,South Africa,ZAF,2
2002,Lithuania,LTU,2
2003,Denmark,DNK,1
2003,Portugal,PRT,1
2003,United Kingdom,GBR,3
2003,Greece,GRC,2
2002,Finland,FIN,2
2001,Turkiye,TUR,3
2007,Mali,MLI,1
2004,Israel,ISR,1
2000,Plurinational State of Bolivia,BOL,1
2002,Uganda,UGA,2
2007,Czechia,CZE,1
2001,Poland,POL,1
2004,Portugal,PRT,1
2004,Hungary,HUN,1
2001,Philippines,PHL,1
2001,Ghana,GHA,1
2012,Czechia,CZE,1
2004,Greece,GRC,1
2004,Denmark,DNK,2
2006,Finland,FIN,1
2002,Poland,POL,1
2007,Uganda,UGA,2
2007,Russian Federation,RUS,1
2008,Canada,CAN,4
2007,Poland,POL,3
2002,India,IND,2
2003,Albania,ALB,1
2007,Hungary,HUN,2
2014,New Zealand,NZL,2
2005,Korea,KOR,3
2007,Belarus,BLR,3
2000,Ukraine,UKR,1
2003,Ukraine,UKR,1
2004,Luxembourg,LUX,2
2003,Estonia,EST,1
2004,Mali,MLI,1
2000,Slovenia,SVN,1
2004,Slovenia,SVN,1
2002,Slovenia,SVN,1
2001,Argentina,ARG,1
2006,Ghana,GHA,1
2002,Israel,ISR,1
2009,Israel,ISR,2
2004,Slovak Republic,SVK,2
2008,United Arab Emirates,ARE,1
2009,Thailand,THA,1
2009,Chinese Taipei,TWN,2
2011,Bulgaria,BGR,2
2010,Lebanon,LBN,1
2005,Islamic Republic of Iran,IRN,1
2011,Malta,MLT,6
2011,Belarus,BLR,3
2001,Chile,CHL,1
2002,Botswana,BWA,1
2003,Botswana,BWA,1
2008,Egypt,EGY,1
2008,Kenya,KEN,1
2001,Viet Nam,VNM,1
2005,Viet Nam,VNM,1
2008,Brazil,BRA,1
2003,Indonesia,IDN,1
2006,Indonesia,IDN,4
2009,Morocco,MAR,3
2004,Algeria,DZA,2
2008,Tunisia,TUN,2
2006,Tunisia,TUN,1
2000,Chile,CHL,1
2009,Mexico,MEX,5
2003,Peru,PER,1
2009,Syrian Arab Republic,SYR,1
2007,Libya,LBY,1
2010,Saudi Arabia,SAU,2
2007,Ghana,GHA,3
2010,Ghana,GHA,1
2010,Kenya,KEN,1
2006,Kenya,KEN,1
2010,United Republic of Tanzania,TZA,2
2008,United Republic of Tanzania,TZA,1
2007,Senegal,SEN,1
2004,Senegal,SEN,1
2005,Nigeria,NGA,1
2009,Kenya,KEN,1
2011,Nigeria,NGA,1
2011,Slovak Republic,SVK,8
2011,Uganda,UGA,3
2009,Saint Vincent and the Grenadines,VCT,1
2011,Viet Nam,VNM,6
2003,Latvia,LVA,2
2012,Bosnia and Herzegovina,BIH,3
2011,Bosnia and Herzegovina,BIH,2
2007,Latvia,LVA,3
2009,Latvia,LVA,3
2012,Egypt,EGY,1
2009,Serbia,SRB,2
2011,Serbia,SRB,1
2005,Nauru,NRU,1
2004,United Arab Emirates,ARE,1
2003,Nicaragua,NIC,1
2003,Marshall Islands,MHL,2
2009,Marshall Islands,MHL,2
2006,Malta,MLT,2
2008,Singapore,SGP,2
2009,Malta,MLT,2
2000,Malta,MLT,1
2002,Zimbabwe,ZWE,2
2011,Zimbabwe,ZWE,2
2004,Malta,MLT,2
2001,Malta,MLT,1
2010,Yemen,YEM,1
2007,Solomon Islands,SLB,1
2011,Armenia,ARM,1
2007,Armenia,ARM,2
2005,Nicaragua,NIC,2
2009,Philippines,PHL,3
2011,Philippines,PHL,4
2012,Uruguay,URY,3
2011,Uruguay,URY,3
2008,Uruguay,URY,2
2012,Kenya,KEN,2
2018,Kenya,KEN,1
2011,Antigua and Barbuda,ATG,3
2007,Dominican Republic,DOM,1
2017,Czechia,CZE,4
2008,Romania,ROU,1
2003,Romania,ROU,1
2009,Croatia,HRV,1
2012,Croatia,HRV,3
2001,Croatia,HRV,1
2002,Albania,ALB,1
2009,Estonia,EST,2
2011,Tunisia,TUN,1
2009,Azerbaijan,AZE,1
2004,Azerbaijan,AZE,1
2010,Azerbaijan,AZE,1
2011,Azerbaijan,AZE,2
2009,Botswana,BWA,1
2010,Jordan,JOR,2
2005,Mongolia,MNG,1
2007,Mongolia,MNG,2
2010,Seychelles,SYC,2
2009,Seychelles,SYC,1
2008,Seychelles,SYC,1
2003,Colombia,COL,3
2004,Colombia,COL,1
2009,Colombia,COL,3
2007,Colombia,COL,1
2013,Pakistan,PAK,1
2003,Pakistan,PAK,1
2000,Lithuania,LTU,2
2009,Lithuania,LTU,2
2003,Lithuania,LTU,1
2014,Turkiye,TUR,1
2003,Montenegro,MNE,1
2008,Madagascar,MDG,1
2009,Kazakhstan,KAZ,1
2010,Senegal,SEN,1
2012,Bulgaria,BGR,1
2013,Islamic Republic of Iran,IRN,2
2009,Cyprus,CYP,2
2012,Ecuador,ECU,1
2010,Mauritius,MUS,2
2009,Mauritius,MUS,1
2013,Indonesia,IDN,3
2013,Philippines,PHL,1
2011,Luxembourg,LUX,1
2007,Luxembourg,LUX,2
2012,Lithuania,LTU,1
2008,Morocco,MAR,1
2009,Bangladesh,BGD,1
2003,Bangladesh,BGD,1
2013,Vanuatu,VUT,1
2007,Samoa,WSM,1
2008,Samoa,WSM,1
2014,Albania,ALB,2
2014,Fiji,FJI,1
2013,Uruguay,URY,3
2009,Kuwait,KWT,3
2011,Kuwait,KWT,1
2010,Jamaica,JAM,3
2006,Jamaica,JAM,2
2014,Iraq,IRQ,1
2011,Kenya,KEN,1
2013,United Republic of Tanzania,TZA,1
2011,Ethiopia,ETH,2
2013,Ghana,GHA,1
2015,Ghana,GHA,1
2011,Ghana,GHA,1
2012,Nigeria,NGA,1
2008,Nigeria,NGA,2
2014,Egypt,EGY,2
2014,Algeria,DZA,1
2009,Guyana,GUY,1
2010,Guyana,GUY,1
2014,Guyana,GUY,1
2012,Guyana,GUY,1
2012,Albania,ALB,1
2004,Guyana,GUY,1
2014,Armenia,ARM,1
2002,Indonesia,IDN,2
2013,Nigeria,NGA,1
2009,Pakistan,PAK,1
2009,Ireland,IRL,3
2015,Uganda,UGA,1
2015,Namibia,NAM,1
2015,Pakistan,PAK,1
2014,Thailand,THA,1
2006,Mexico,MEX,1
2009,Plurinational State of Bolivia,BOL,3
2015,Plurinational State of Bolivia,BOL,1
2005,Plurinational State of Bolivia,BOL,1
2007,Plurinational State of Bolivia,BOL,1
2008,Plurinational State of Bolivia,BOL,1
2003,Plurinational State of Bolivia,BOL,1
2004,Plurinational State of Bolivia,BOL,2
2006,Zambia,ZMB,1
2008,Zambia,ZMB,2
2012,Angola,AGO,1
2011,Angola,AGO,4
2010,Angola,AGO,1
2013,Angola,AGO,1
2008,Angola,AGO,1
2014,Angola,AGO,1
2003,Zimbabwe,ZWE,1
2006,Burundi,BDI,1
2012,Burundi,BDI,1
2005,Burundi,BDI,1
2011,Burundi,BDI,2
2015,Burundi,BDI,1
2011,Democratic Republic of the Congo,COD,1
2002,Democratic Republic of the Congo,COD,1
2014,Democratic Republic of the Congo,COD,2
2003,Mozambique,MOZ,1
2011,Mozambique,MOZ,1
2009,Mozambique,MOZ,1
2015,Tunisia,TUN,1
2012,Malawi,MWI,1
2004,Malawi,MWI,3
2003,Malawi,MWI,1
2012,Lesotho,LSO,1
2015,Lesotho,LSO,1
2006,Lesotho,LSO,1
2004,Lesotho,LSO,1
2009,Lesotho,LSO,1
2013,Suriname,SUR,3
2012,Namibia,NAM,1
2003,Namibia,NAM,1
2011,Namibia,NAM,1
2014,Namibia,NAM,1
2015,Botswana,BWA,1
2012,Ethiopia,ETH,1
2002,Ethiopia,ETH,1
2007,Ethiopia,ETH,1
2003,Ethiopia,ETH,1
2013,Libya,LBY,1
2004,Zambia,ZMB,1
2012,Hungary,HUN,1
2016,Ukraine,UKR,1
2011,Bolivarian Republic of Venezuela,VEN,1
2007,Bolivarian Republic of Venezuela,VEN,1
2010,Bolivarian Republic of Venezuela,VEN,1
2005,Bolivarian Republic of Venezuela,VEN,1
2002,Uruguay,URY,1
2006,Uruguay,URY,1
2015,Zambia,ZMB,1
2005,United Republic of Tanzania,TZA,1
2009,United Republic of Tanzania,TZA,1
2010,Zimbabwe,ZWE,1
2015,Madagascar,MDG,1
2005,Uganda,UGA,1
2011,South Sudan,SSD,1
2006,Paraguay,PRY,2
2013,Paraguay,PRY,1
2011,Paraguay,PRY,1
2021,Djibouti,DJI,1
2021,Guyana,GUY,1
2011,Belize,BLZ,1
2014,Mali,MLI,1
2015,Algeria,DZA,1
2012,Kuwait,KWT,1
2011,Panama,PAN,2
2014,Paraguay,PRY,2
2016,Iraq,IRQ,1
2014,Brunei Darussalam,BRN,3
2012,Bangladesh,BGD,3
2004,Bangladesh,BGD,1
2004,India,IND,2
2012,Nepal,NPL,1
2007,El Salvador,SLV,2
2007,Costa Rica,CRI,1
2017,Algeria,DZA,3
2014,Jordan,JOR,1
2009,Jordan,JOR,1
2013,Egypt,EGY,1
2015,Costa Rica,CRI,3
2011,Bangladesh,BGD,1
2016,Nepal,NPL,1
2010,Costa Rica,CRI,1
2008,Costa Rica,CRI,1
2003,Guatemala,GTM,1
2008,Guatemala,GTM,1
2011,Guatemala,GTM,4
2007,Honduras,HND,2
2011,Honduras,HND,1
2015,Myanmar,MMR,2
2016,Myanmar,MMR,2
2014,Myanmar,MMR,1
2006,Lao People's Democratic Republic,LAO,1
2011,Lao People's Democratic Republic,LAO,1
2015,Lao People's Democratic Republic,LAO,1
2006,Colombia,COL,1
2006,Peru,PER,3
2012,Belize,BLZ,1
2013,Belize,BLZ,1
2004,Nicaragua,NIC,1
2006,Nigeria,NGA,1
2017,Namibia,NAM,1
2016,Uzbekistan,UZB,1
2013,Israel,ISR,2
2016,Israel,ISR,2
2014,El Salvador,SLV,1
2011,Dominican Republic,DOM,1
2014,Croatia,HRV,1
2015,Jamaica,JAM,1
2013,Zimbabwe,ZWE,1
2014,Cyprus,CYP,2
2017,Cyprus,CYP,6
2015,Mauritius,MUS,1
2017,Mauritius,MUS,1
2015,Islamic Republic of Iran,IRN,2
2016,Islamic Republic of Iran,IRN,2
2010,Mongolia,MNG,1
2013,Mongolia,MNG,1
2015,Mongolia,MNG,1
2017,Ethiopia,ETH,1
2018,Oman,OMN,2
2018,Albania,ALB,1
2017,Korea,KOR,1
2018,Korea,KOR,6
2014,Finland,FIN,1
2014,Sweden,SWE,2
2017,Japan,JPN,4
2013,Jordan,JOR,4
2017,Malta,MLT,7
2017,Lithuania,LTU,3
2017,Latvia,LVA,4
2017,Luxembourg,LUX,4
2006,Slovenia,SVN,1
2017,Slovenia,SVN,2
2012,Slovenia,SVN,1
2017,Croatia,HRV,1
2018,Bangladesh,BGD,1
2018,Jamaica,JAM,1
2012,Lebanon,LBN,1
2011,Lebanon,LBN,1
2014,Russian Federation,RUS,2
2009,Qatar,QAT,2
2009,Bahrain,BHR,1
2010,Bahrain,BHR,1
2008,Islamic Republic of Iran,IRN,3
2002,Islamic Republic of Iran,IRN,2
2014,Kenya,KEN,1
2011,Nicaragua,NIC,1
2017,Panama,PAN,3
2009,Cuba,CUB,2
2007,Saudi Arabia,SAU,2
2019,Sweden,SWE,1
2017,Morocco,MAR,2
2018,Armenia,ARM,1
2017,Armenia,ARM,1
2006,Republic of Moldova,MDA,2
2008,Republic of Moldova,MDA,1
2002,Republic of Moldova,MDA,1
2003,Republic of Moldova,MDA,2
2017,Uzbekistan,UZB,2
2007,Georgia,GEO,2
2018,Georgia,GEO,4
2011,Georgia,GEO,1
2004,Georgia,GEO,1
2006,Georgia,GEO,1
2011,Kyrgyzstan,KGZ,1
2008,Bulgaria,BGR,1
2011,Israel,ISR,2
2012,Israel,ISR,2
2002,Latvia,LVA,1
2016,Pakistan,PAK,1
2011,Rwanda,RWA,1
2015,Rwanda,RWA,2
2013,Rwanda,RWA,1
2019,Brazil,BRA,2
2008,Ghana,GHA,1
2005,Ghana,GHA,1
2006,Israel,ISR,1
2013,Sri Lanka,LKA,1
2011,Estonia,EST,1
2014,Morocco,MAR,1
2004,Netherlands,NLD,1
2001,Nigeria,NGA,1
2018,Nigeria,NGA,6
2017,Nigeria,NGA,2
2019,Luxembourg,LUX,2
2002,Russian Federation,RUS,1
2004,Lithuania,LTU,1
2001,Indonesia,IDN,1
2002,Saudi Arabia,SAU,1
2000,Luxembourg,LUX,1
2011,Algeria,DZA,1